n_samples,model_type,seed,lambda_tau,embedding_protocol,embedding_fit_scope,embedding_fit_item_count,pre_population_match,pre_population_match_version,effective_pre_weight_sum,observed_train_pairs,rmse_amortized,auc_amortized,active_dims,active_indices,tau_values,embedding_type,user_count
54,beta,0,0.029,external_raw_frozen_v1,external_frozen,0,none,,29.0,7655,0.3151652642068737,0.6554466831173186,8,"[5, 7, 8, 18, 21, 23, 24, 26]","[0.0, 0.0, 0.0, 0.0, 0.0, 0.034629471600055695, 0.0, 0.012737272307276726, 0.059918757528066635, 0.0, 0.0, 0.0, 0.0, 0.0, 0.0, 0.0, 0.0, 0.0, 0.0231710746884346, 0.0, 0.0, 0.0457833968102932, 0.0, 0.05768963322043419, 0.004503519739955664, 0.0, 0.09642405062913895, 0.0, 0.0, 0.0]",raw,32
54,beta,1,0.029,external_raw_frozen_v1,external_frozen,0,none,,29.0,7024,0.2715208866074745,0.6845741113346746,10,"[1, 2, 3, 5, 6, 11, 17, 22, 23, 28]","[0.0, 0.1203390508890152, 0.185624897480011, 0.17010366916656494, 0.0, 0.02732517197728157, 0.03320843726396561, 0.0, 0.0, 0.0, 0.0, 0.0061182486824691296, 0.0, 0.0, 0.0, 0.0, 0.0, 0.16830132901668549, 0.0, 0.0, 0.0, 0.0, 0.015284704975783825, 0.047752298414707184, 0.0, 0.0, 0.0, 0.0, 0.1548803448677063, 0.0]",raw,32
54,beta,3,0.029,external_raw_frozen_v1,external_frozen,0,none,,29.0,6404,0.2921246384507024,0.690513659826262,30,"[0, 1, 2, 3, 4, 5, 6, 7, 8, 9, 10, 11, 12, 13, 14, 15, 16, 17, 18, 19, 20, 21, 22, 23, 24, 25, 26, 27, 28, 29]","[0.16159696877002716, 0.14942261576652527, 0.21274110674858093, 0.16059455275535583, 0.2425825148820877, 0.14718125760555267, 0.1654149740934372, 0.2835472524166107, 0.25943925976753235, 0.16000987589359283, 0.13618217408657074, 0.14950083196163177, 0.27127692103385925, 0.1814897507429123, 0.18257810175418854, 0.10090700536966324, 0.19391605257987976, 0.23514080047607422, 0.15627281367778778, 0.12471818178892136, 0.1419411152601242, 0.2630130350589752, 0.11971750855445862, 0.10889437049627304, 0.17945973575115204, 0.1482398360967636, 0.1573924422264099, 0.2819182276725769, 0.13004207611083984, 0.13355790078639984]",raw,32
54,beta,4,0.029,external_raw_frozen_v1,external_frozen,0,none,,29.0,7072,0.3013783263090557,0.701319357530246,15,"[1, 2, 4, 7, 10, 12, 13, 15, 16, 18, 22, 24, 26, 27, 28]","[0.0, 0.065830297768116, 0.0053596459329128265, 0.0, 0.08562397211790085, 0.0, 0.0, 0.1596558541059494, 0.0, 0.0, 0.03423498198390007, 0.0, 0.08006653934717178, 0.1268800050020218, 0.0, 0.016105525195598602, 0.006620810832828283, 0.0, 0.2922496199607849, 0.0, 0.0, 0.0, 0.058833472430706024, 0.0, 0.025860371068120003, 0.0, 0.09168198704719543, 0.03394988924264908, 0.13389769196510315, 0.0]",raw,32
54,beta,7,0.029,external_raw_frozen_v1,external_frozen,0,none,,29.0,7705,0.3126909030505718,0.6498688486082294,5,"[1, 5, 7, 23, 29]","[0.0, 0.04041358083486557, 0.0, 0.0, 0.0, 0.029475927352905273, 0.0, 0.07085727900266647, 0.0, 0.0, 0.0, 0.0, 0.0, 0.0, 0.0, 0.0, 0.0, 0.0, 0.0, 0.0, 0.0, 0.0, 0.0, 0.019700912758708, 0.0, 0.0, 0.0, 0.0, 0.0, 0.005816233344376087]",raw,32
54,beta,8,0.029,external_raw_frozen_v1,external_frozen,0,none,,29.0,7608,0.2873765260465904,0.6848667396860169,16,"[1, 3, 7, 8, 11, 14, 15, 16, 18, 19, 20, 21, 24, 25, 26, 29]","[0.0, 0.001633164007216692, 0.0, 0.14396421611309052, 0.0, 0.0, 0.0, 0.002332258503884077, 0.1252111941576004, 0.0, 0.0, 0.009533806703984737, 0.0, 0.0, 0.22317521274089813, 0.07685527205467224, 0.03167714923620224, 0.0, 0.04666686803102493, 0.0626809149980545, 0.017341280356049538, 0.012578573077917099, 0.0, 0.0, 0.1506621390581131, 0.035635098814964294, 0.25281253457069397, 0.0, 0.0, 0.0018504186300560832]",raw,32
54,beta,2,0.029,external_raw_frozen_v1,external_frozen,0,none,,30.0,7043,0.2740839673141573,0.6227403846153847,3,"[2, 4, 20]","[0.0, 0.0, 0.021005481481552124, 0.0, 0.07897326350212097, 0.0, 0.0, 0.0, 0.0, 0.0, 0.0, 0.0, 0.0, 0.0, 0.0, 0.0, 0.0, 0.0, 0.0, 0.0, 0.06100910156965256, 0.0, 0.0, 0.0, 0.0, 0.0, 0.0, 0.0, 0.0, 0.0]",raw,32
54,beta,20,0.029,external_raw_frozen_v1,external_frozen,0,none,,30.0,7011,0.2281427846795504,0.7591269729226078,6,"[0, 1, 5, 15, 19, 22]","[0.07545117288827896, 0.15084576606750488, 0.0, 0.0, 0.0, 0.07585503160953522, 0.0, 0.0, 0.0, 0.0, 0.0, 0.00035037772613577545, 0.0, 0.0, 0.0, 0.04285367205739021, 0.0, 0.0, 0.0, 0.04832926020026207, 0.0, 0.0, 0.0336797796189785, 0.0, 0.0, 0.0, 0.0, 0.0, 0.0, 0.0]",raw,32
54,beta,24,0.029,external_raw_frozen_v1,external_frozen,0,none,,29.0,7638,0.2700924490345945,0.6979913916786227,5,"[3, 5, 14, 18, 28]","[0.0, 0.0, 0.0, 0.002222639275714755, 0.0, 0.030396737158298492, 0.0, 0.0, 0.0, 0.0, 0.0, 0.0, 0.0, 0.0, 0.04266814514994621, 0.0, 0.0, 0.0, 0.0084858238697052, 0.0, 0.00012501089076977223, 0.0, 0.0, 0.0, 0.0, 0.0, 0.0, 0.0, 0.09959891438484192, 0.0]",raw,32
54,beta,28,0.029,external_raw_frozen_v1,external_frozen,0,none,,29.0,7050,0.306434574267281,0.6466969344346731,27,"[0, 1, 3, 4, 5, 6, 7, 8, 10, 11, 12, 13, 14, 15, 16, 17, 18, 19, 20, 21, 22, 23, 24, 25, 26, 27, 28]","[0.18812966346740723, 0.07300689071416855, 0.0, 0.03462455794215202, 0.05069498345255852, 0.044236067682504654, 0.033410683274269104, 0.2170015126466751, 0.012860693968832493, 0.0, 0.03447956219315529, 0.06962010264396667, 0.014333841390907764, 0.06871677935123444, 0.02429995685815811, 0.18918603658676147, 0.04014689847826958, 0.03465894237160683, 0.02584296278655529, 0.1351068764925003, 0.09187500923871994, 0.05810108035802841, 0.06406256556510925, 0.03996112942695618, 0.048288773745298386, 0.004349573981016874, 0.048046644777059555, 0.10201060026884079, 0.12450376152992249, 0.0]",raw,32
54,beta,16,0.029,external_raw_frozen_v1,external_frozen,0,none,,29.0,6410,0.3281679238899453,0.6560235998438245,2,"[3, 29]","[0.0, 0.0, 0.0, 0.01316713634878397, 0.0, 0.0, 0.0, 0.0, 0.0, 0.0, 0.0, 0.0, 0.0, 0.0, 0.0, 0.0, 0.0, 0.0, 0.0, 0.0, 0.0, 0.0, 0.0, 0.0, 0.0, 0.0, 0.0, 0.0, 0.0, 0.014926781877875328]",raw,32
54,beta,12,0.029,external_raw_frozen_v1,external_frozen,0,none,,29.0,6402,0.305613650713863,0.6296065966463976,11,"[2, 7, 9, 10, 11, 13, 19, 20, 24, 26, 27]","[0.0, 0.0, 0.13843616843223572, 0.0, 0.0, 0.0, 0.0, 0.03748513385653496, 0.0, 0.06974900513887405, 0.06403558701276779, 0.047569580376148224, 0.0, 0.01729760318994522, 0.0, 0.0, 0.0, 0.0, 0.0, 0.09119938313961029, 0.09579043835401535, 0.0, 0.0, 0.0, 0.0150131331756711, 0.0, 0.04088964685797691, 0.15728341042995453, 0.0, 0.0]",raw,32
54,beta,10,0.029,external_raw_frozen_v1,external_frozen,0,none,,29.0,7586,0.3139017376876838,0.6132157682922965,4,"[6, 10, 20, 21]","[0.0, 0.0, 0.0, 0.0, 0.0, 0.0, 0.0840948224067688, 0.0, 0.0, 0.0, 0.02294219471514225, 0.0, 0.0, 0.0, 0.0, 0.0, 0.0, 0.0, 0.0, 0.0, 0.03287260979413986, 0.1022886410355568, 0.0, 0.0, 0.0, 0.0, 0.0, 0.0, 0.0, 0.0]",raw,32
54,beta,13,0.029,external_raw_frozen_v1,external_frozen,0,none,,29.0,6989,0.3076743299907339,0.5678266116866137,10,"[8, 13, 14, 17, 18, 21, 22, 25, 26, 28]","[0.0, 0.0, 0.0, 0.0, 0.0, 0.000656310876365751, 0.0, 0.0, 0.13409508764743805, 0.0, 0.0, 0.0, 0.0, 0.033273566514253616, 0.010324759408831596, 0.0, 0.0, 0.04301978647708893, 0.05051114410161972, 0.0, 0.0, 0.077320396900177, 0.11404625326395035, 0.0, 0.0, 0.0029935576021671295, 0.0858127698302269, 0.0, 0.0935153216123581, 0.0]",raw,32
54,beta,44,0.029,external_raw_frozen_v1,external_frozen,0,none,,29.0,7664,0.2901113272399025,0.6143493950329018,4,"[16, 17, 23, 25]","[0.0, 0.0, 0.0, 0.0, 0.0, 0.0, 0.0, 0.0, 0.0, 0.0, 0.0, 0.0, 0.0, 0.0, 0.0, 0.0, 0.06810726225376129, 0.06520707905292511, 0.0, 0.0, 0.0, 0.0, 0.0, 0.003778456710278988, 0.0, 0.01891300082206726, 0.0, 0.0, 0.0, 0.0]",raw,32
54,beta,40,0.029,external_raw_frozen_v1,external_frozen,0,none,,29.0,7055,0.3178141318760389,0.6225677966101695,16,"[5, 6, 7, 8, 9, 13, 14, 17, 18, 21, 22, 24, 25, 26, 27, 28]","[0.0, 0.0, 0.0, 0.0, 0.0, 0.022271204739809036, 0.053284768015146255, 0.09043359756469727, 0.07643882185220718, 0.03318068012595177, 0.0, 0.0, 0.0, 0.05563917011022568, 0.054404016584157944, 0.0, 0.0, 0.06703372299671173, 0.18594615161418915, 0.0, 0.0, 0.028270522132515907, 0.005535534583032131, 0.0, 0.007209063973277807, 0.12040042877197266, 0.015004095621407032, 0.04087051376700401, 0.1291811764240265, 0.0009247290436178446]",raw,32
54,beta,36,0.029,external_raw_frozen_v1,external_frozen,0,none,,29.0,5834,0.3524952383091769,0.584628094768542,30,"[0, 1, 2, 3, 4, 5, 6, 7, 8, 9, 10, 11, 12, 13, 14, 15, 16, 17, 18, 19, 20, 21, 22, 23, 24, 25, 26, 27, 28, 29]","[0.09263843297958374, 0.15784868597984314, 0.10631197690963745, 0.33157506585121155, 0.0830312967300415, 0.12114210426807404, 0.3310202360153198, 0.08315180242061615, 0.07621991634368896, 0.10702239722013474, 0.07962993532419205, 0.136032372713089, 0.1073634922504425, 0.12915942072868347, 0.1876945048570633, 0.10890096426010132, 0.13010567426681519, 0.32612746953964233, 0.08420225232839584, 0.10931504517793655, 0.09631235897541046, 0.08716142177581787, 0.19670140743255615, 0.12588278949260712, 0.09259636700153351, 0.08316493034362793, 0.22581391036510468, 0.20185326039791107, 0.08998576551675797, 0.14978229999542236]",raw,32
54,beta,48,0.029,external_raw_frozen_v1,external_frozen,0,none,,29.0,6413,0.3116819283480995,0.65247277676951,10,"[0, 3, 7, 13, 15, 17, 21, 22, 23, 27]","[0.05867891386151314, 0.0, 0.0, 0.05519082769751549, 0.0, 0.0, 0.0, 0.08463487029075623, 0.0, 0.0, 0.0, 0.0, 0.0, 0.020469335839152336, 0.0, 0.11606071144342422, 0.0, 0.07071821391582489, 0.0, 0.0, 0.0, 0.04868227615952492, 0.10737065225839615, 0.05636828765273094, 0.0, 0.0, 0.0, 0.0415937565267086, 0.0, 0.0]",raw,32
54,beta,32,0.029,external_raw_frozen_v1,external_frozen,0,none,,29.0,7637,0.2698319872008101,0.7517415219089497,8,"[5, 7, 11, 17, 18, 23, 25, 26]","[0.0, 0.0, 0.0, 0.0, 0.0, 0.047619618475437164, 0.0, 0.11435695737600327, 0.0, 0.0, 0.0, 0.037350431084632874, 0.0, 0.0, 0.0, 0.0, 0.0, 0.01770336739718914, 0.029006589204072952, 0.0, 0.0, 0.0, 0.0, 0.1972655951976776, 0.0, 0.12288274616003036, 0.11462115496397018, 0.0, 0.0, 0.0]",raw,32
54,beta,14,0.029,external_raw_frozen_v1,external_frozen,0,none,,29.0,7584,0.3063331325737548,0.6082301969806378,6,"[3, 7, 13, 17, 23, 29]","[0.0, 0.0, 0.0, 0.07137387990951538, 0.0, 0.0, 0.0, 0.026415562257170677, 0.0, 0.0, 0.0, 0.0, 0.0, 0.0754687562584877, 0.0, 0.0, 0.0, 0.0014515594812110066, 0.0, 0.0, 0.0, 0.0, 0.0, 0.05921824276447296, 0.0, 0.0, 0.0, 0.0, 0.0, 0.00237733731046319]",raw,32
54,beta,5,0.029,external_raw_frozen_v1,external_frozen,0,none,,29.0,7046,0.3128245932902367,0.5855274333276711,7,"[6, 10, 13, 21, 24, 25, 29]","[0.0, 0.0, 0.0, 0.0, 0.0, 0.0, 0.06073755398392677, 0.0, 0.0, 0.0, 0.013156352564692497, 0.0, 0.0, 0.01314555760473013, 0.0, 0.0, 0.0, 0.0, 0.0, 0.0, 0.0, 0.07807021588087082, 0.0, 0.0, 0.014139658771455288, 0.09163791686296463, 0.0, 0.0, 0.0, 0.08027136325836182]",raw,32
54,beta,15,0.029,external_raw_frozen_v1,external_frozen,0,none,,31.0,6425,0.2581191406785732,0.6903583745689009,4,"[10, 11, 21, 28]","[0.0, 0.0, 0.0, 0.0, 0.0, 0.0, 0.0, 0.0, 0.0, 0.0, 0.073109470307827, 0.0549173504114151, 0.0, 0.0, 0.0, 0.0, 0.0, 0.0, 0.0, 0.0, 0.0, 0.09257736802101135, 0.0, 0.0, 0.0, 0.0, 0.0, 0.0, 0.03395407646894455, 0.0]",raw,32
54,beta,9,0.029,external_raw_frozen_v1,external_frozen,0,none,,30.0,6421,0.3257310481007478,0.6920662264331515,8,"[0, 1, 2, 8, 19, 20, 22, 29]","[0.09136176109313965, 0.07159774750471115, 0.027059996500611305, 0.0, 0.0, 0.0, 0.0, 0.0, 0.04770651087164879, 0.0, 0.0, 0.0, 0.0, 0.0, 0.0, 0.0, 0.0, 0.0, 0.0, 0.08751872926950455, 0.0319574773311615, 0.0, 0.11555049568414688, 0.0, 0.0, 0.0, 0.0, 0.0, 0.0, 0.024811381474137306]",raw,32
54,beta,11,0.029,external_raw_frozen_v1,external_frozen,0,none,,29.0,7550,0.3051276329205101,0.6581609308102102,6,"[6, 7, 9, 16, 22, 23]","[0.0, 0.0, 0.0, 0.0, 0.0, 0.0, 0.029566554352641106, 0.0025779269635677338, 0.0, 0.03951435163617134, 0.0, 0.0, 0.0, 0.0, 0.0, 0.0, 0.01109936460852623, 0.0, 0.0, 0.0, 0.0, 0.0, 0.15555156767368317, 0.016173025593161583, 0.0, 0.0, 0.0, 0.0, 0.0, 0.0]",raw,32
54,beta,19,0.029,external_raw_frozen_v1,external_frozen,0,none,,29.0,7663,0.3033680713044678,0.6632363467935493,4,"[1, 15, 19, 24]","[0.0, 0.03237166255712509, 0.0, 0.0, 0.0, 0.0, 0.0, 0.0, 0.0, 0.0, 0.0, 0.0, 0.0, 0.0, 0.0, 0.0059616221114993095, 0.0, 0.0, 0.0, 0.07355549186468124, 0.0, 0.0, 0.0, 0.0, 0.0644199401140213, 0.0, 0.0, 0.0, 0.0, 0.0]",raw,32
54,beta,6,0.029,external_raw_frozen_v1,external_frozen,0,none,,29.0,7024,0.2923213672479748,0.6422579098753595,5,"[3, 8, 14, 19, 21]","[0.0, 0.0, 0.0, 0.06151220574975014, 0.0, 0.0, 0.0, 0.0, 0.023544568568468094, 0.0, 0.0, 0.0, 0.0, 0.0, 0.042974088340997696, 0.0, 0.0, 0.0, 0.0, 0.05697351694107056, 0.0, 0.05640828609466553, 0.0, 0.0, 0.0, 0.0, 0.0, 0.0, 0.0, 0.0]",raw,32
54,beta,27,0.029,external_raw_frozen_v1,external_frozen,0,none,,29.0,7672,0.2748345245669404,0.704877209652845,2,"[9, 15]","[0.0, 0.0, 0.0, 0.0, 0.0, 0.0, 0.0, 0.0, 0.0, 0.010026275180280209, 0.0, 0.0, 0.0, 0.0, 0.0, 0.08890604227781296, 0.0, 0.0, 0.0, 0.0, 0.0, 0.0, 0.0, 0.0, 0.0, 0.0, 0.0, 0.0, 0.0, 0.0]",raw,32
54,beta,43,0.029,external_raw_frozen_v1,external_frozen,0,none,,31.0,6371,0.2492539629080733,0.7400457404230989,9,"[2, 7, 10, 12, 14, 17, 19, 26, 29]","[0.0, 0.0, 0.04906740412116051, 0.0, 0.0, 0.0, 0.0, 0.042147327214479446, 0.0, 0.0, 0.18283003568649292, 0.0, 0.0168368648737669, 0.0, 0.048937615007162094, 0.0, 0.0, 0.015546667389571667, 0.0, 0.04823638126254082, 0.0, 0.0, 0.0, 0.0, 0.0, 0.0, 0.14660188555717468, 0.0, 0.0, 0.08547963201999664]",raw,32
54,beta,39,0.029,external_raw_frozen_v1,external_frozen,0,none,,29.0,7013,0.317721306687093,0.6163018189509306,11,"[1, 8, 17, 18, 19, 21, 23, 25, 26, 27, 28]","[0.0, 0.0069607337936758995, 0.0, 0.0, 0.0, 0.0, 0.0, 0.0, 0.027028851211071014, 0.0, 0.0, 0.0, 0.0, 0.0, 0.0, 0.0, 0.0, 0.09297189116477966, 0.0587720051407814, 0.07499512284994125, 0.0, 0.13742060959339142, 0.0, 0.14059506356716156, 0.0, 0.03408081457018852, 0.017853951081633568, 0.04816023260354996, 0.11344169080257416, 0.0]",raw,32
54,beta,35,0.029,external_raw_frozen_v1,external_frozen,0,none,,30.0,6422,0.2964256047438522,0.6571007595186427,22,"[0, 1, 2, 3, 4, 7, 9, 10, 11, 13, 14, 16, 18, 20, 21, 22, 24, 25, 26, 27, 28, 29]","[0.17873515188694, 0.02233320102095604, 0.16928081214427948, 0.01430079061537981, 0.11035612970590591, 0.0, 0.00015347127919085324, 0.0351497083902359, 0.00024501554435119033, 0.07306336611509323, 0.044010572135448456, 0.16324758529663086, 0.0, 0.0844750851392746, 0.21087482571601868, 0.0001401076151523739, 0.10725639015436172, 0.0, 0.012090340256690979, 0.0, 0.10540453344583511, 0.14443683624267578, 0.2621513903141022, 0.00039070440107025206, 0.15314045548439026, 0.04871099814772606, 0.0186610147356987, 0.03259970247745514, 0.05979378521442413, 0.04838148131966591]",raw,32
54,beta,23,0.029,external_raw_frozen_v1,external_frozen,0,none,,30.0,6436,0.2583437705367013,0.7047823173268013,25,"[0, 1, 2, 3, 4, 5, 6, 8, 9, 10, 11, 12, 13, 14, 15, 16, 17, 18, 19, 20, 22, 23, 24, 25, 27]","[0.15565821528434753, 0.11669179052114487, 0.13659675419330597, 0.05936214327812195, 0.006785820238292217, 0.02197999879717827, 0.0071186162531375885, 0.0, 0.05245007202029228, 0.033358197659254074, 0.1005602553486824, 0.03629419580101967, 0.12709806859493256, 0.02217741496860981, 0.07766271382570267, 0.03545375168323517, 0.12504981458187103, 0.04164975509047508, 0.05973484739661217, 0.02076568827033043, 0.11222347617149353, 0.0, 0.010753593407571316, 0.14304699003696442, 0.016788695007562637, 0.18683373928070068, 0.0, 0.039474982768297195, 0.0008911555632948875, 0.0]",raw,32
54,beta,25,0.029,external_raw_frozen_v1,external_frozen,0,none,,31.0,5835,0.2527552117037726,0.7497098646034817,30,"[0, 1, 2, 3, 4, 5, 6, 7, 8, 9, 10, 11, 12, 13, 14, 15, 16, 17, 18, 19, 20, 21, 22, 23, 24, 25, 26, 27, 28, 29]","[0.045249488204717636, 0.06156119331717491, 0.20362338423728943, 0.07976185530424118, 0.052742961794137955, 0.10629764944314957, 0.044793449342250824, 0.12517042458057404, 0.04441128671169281, 0.0806901678442955, 0.28924915194511414, 0.30548956990242004, 0.032939594238996506, 0.13799434900283813, 0.12480003386735916, 0.1072642058134079, 0.12042906135320663, 0.05851026996970177, 0.14951342344284058, 0.09158001095056534, 0.03614263981580734, 0.14037036895751953, 0.08275739848613739, 0.28084924817085266, 0.03759010508656502, 0.03726569935679436, 0.06284794211387634, 0.01631026156246662, 0.0988544225692749, 0.18768909573554993]",raw,32
54,beta,31,0.029,external_raw_frozen_v1,external_frozen,0,none,,29.0,6991,0.3009386146382162,0.6178953137845985,7,"[2, 3, 4, 14, 17, 21, 22]","[0.0, 0.0, 0.048309873789548874, 0.06036676466464996, 0.030757742002606392, 0.0, 0.0, 0.0, 0.0, 0.0, 0.0, 0.0, 0.0, 0.0, 0.04669853299856186, 0.0, 0.0, 0.08160632103681564, 0.0, 0.0, 0.0, 0.09592621773481369, 0.023489907383918762, 0.0, 0.0, 0.0, 0.0, 0.0, 0.0, 0.0]",raw,32
54,beta,49,0.029,external_raw_frozen_v1,external_frozen,0,none,,29.0,7634,0.3053867434891493,0.6671958735262594,2,"[10, 16]","[0.0, 0.0, 0.0, 0.0, 0.0, 0.0, 0.0, 0.0, 0.0, 0.0, 0.005114635918289423, 0.0, 0.0, 0.0, 0.0, 0.0, 0.005220827180892229, 0.0, 0.0, 0.0, 0.0, 0.0, 0.0, 0.0, 0.0, 0.0, 0.0, 0.0, 0.0, 0.0]",raw,32
54,beta,47,0.029,external_raw_frozen_v1,external_frozen,0,none,,29.0,6436,0.3238993415703048,0.6457354914458237,30,"[0, 1, 2, 3, 4, 5, 6, 7, 8, 9, 10, 11, 12, 13, 14, 15, 16, 17, 18, 19, 20, 21, 22, 23, 24, 25, 26, 27, 28, 29]","[0.1071522906422615, 0.18703480064868927, 0.3460274636745453, 0.11424847692251205, 0.18078474700450897, 0.2086895853281021, 0.27081048488616943, 0.13035961985588074, 0.212014302611351, 0.1436840444803238, 0.1551876664161682, 0.14891424775123596, 0.15747694671154022, 0.1511901170015335, 0.17032010853290558, 0.16359157860279083, 0.37901192903518677, 0.21093566715717316, 0.2756156325340271, 0.16179950535297394, 0.17090053856372833, 0.21529093384742737, 0.1026892140507698, 0.14442069828510284, 0.12945771217346191, 0.3796784579753876, 0.2768845856189728, 0.15699343383312225, 0.1247195452451706, 0.13585269451141357]",raw,32
54,beta,18,0.029,external_raw_frozen_v1,external_frozen,0,none,,29.0,6978,0.2811707013978284,0.6514071923162832,5,"[2, 8, 14, 17, 25]","[0.0, 0.0, 0.023194337263703346, 0.0, 0.0, 0.0, 0.0, 0.0, 0.012611585669219494, 0.0, 0.0, 0.0, 0.0, 0.0, 0.03883536532521248, 0.0, 0.0, 0.07875560224056244, 0.0, 0.0, 0.0, 0.0, 0.0, 0.0, 0.0, 0.05719349905848503, 0.0, 0.0, 0.0, 0.0]",raw,32
54,beta,17,0.029,external_raw_frozen_v1,external_frozen,0,none,,29.0,7015,0.2853360458426877,0.7058157689305231,8,"[2, 3, 6, 9, 10, 17, 18, 29]","[0.0, 0.0, 0.10441873222589493, 0.06439636647701263, 0.0, 0.0, 0.06551461666822433, 0.0, 0.0, 0.07397028803825378, 0.023373987525701523, 0.0, 0.0, 0.0, 0.0, 0.0, 0.0, 0.10773354023694992, 0.03246200829744339, 0.0, 0.0, 0.0, 0.0, 0.0, 0.0, 0.0, 0.0, 0.0, 0.0, 0.0762191191315651]",raw,32
54,beta,29,0.029,external_raw_frozen_v1,external_frozen,0,none,,29.0,7023,0.3062720787108304,0.632167912154949,0,[],"[0.0, 0.0, 0.0, 0.0, 0.0, 0.0, 0.0, 0.0, 0.0, 0.0, 0.0, 0.0, 0.0, 0.0, 0.0, 0.0, 0.0, 0.0, 0.0, 0.0, 0.0, 0.0, 0.0, 0.0, 0.0, 0.0, 0.0, 0.0, 0.0, 0.0]",raw,32
54,beta,37,0.029,external_raw_frozen_v1,external_frozen,0,none,,30.0,7024,0.3064401663839849,0.5851098462054475,6,"[4, 11, 14, 22, 23, 24]","[0.0, 0.0, 0.0, 0.0, 0.05890750139951706, 0.0, 0.0, 0.0, 0.0, 0.0, 0.0, 0.08715818077325821, 0.0, 0.0, 0.022449485957622528, 0.0, 0.0, 0.0, 0.0, 0.0, 0.0, 0.0, 0.02567322365939617, 0.026751672849059105, 0.0389571487903595, 0.0, 0.0, 0.0, 0.0, 0.0]",raw,32
54,beta,34,0.029,external_raw_frozen_v1,external_frozen,0,none,,30.0,6386,0.3147562354972267,0.6139706802091411,24,"[1, 3, 4, 6, 8, 9, 10, 11, 12, 14, 15, 16, 17, 18, 19, 20, 21, 23, 24, 25, 26, 27, 28, 29]","[0.0, 0.0018863758305087686, 0.0, 0.01929563470184803, 0.06500526517629623, 0.0, 0.029369821771979332, 0.0, 0.1832258701324463, 0.13600480556488037, 0.020389938727021217, 0.07603953778743744, 0.03481527790427208, 0.0, 0.034525614231824875, 0.025273382663726807, 0.09093350917100906, 0.0254499688744545, 0.043649256229400635, 0.12932758033275604, 0.022158803418278694, 0.2070782333612442, 0.0, 0.04152502119541168, 0.04346846044063568, 0.04470231384038925, 0.06723986566066742, 0.018905017524957657, 0.014865129254758358, 0.08707164227962494]",raw,32
54,beta,42,0.029,external_raw_frozen_v1,external_frozen,0,none,,29.0,7648,0.3021262305593308,0.5942323244489565,1,[7],"[0.0, 0.0, 0.0, 0.0, 0.0, 0.0, 0.0, 0.002495580818504095, 0.0, 0.0, 0.0, 0.0, 0.0, 0.0, 0.0, 0.0, 0.0, 0.0, 0.0, 0.0, 0.0, 0.0, 0.0, 0.0, 0.0, 0.0, 0.0, 0.0, 0.0, 0.0]",raw,32
54,beta,21,0.029,external_raw_frozen_v1,external_frozen,0,none,,29.0,7032,0.3206198311179011,0.5985338279455926,6,"[0, 2, 3, 9, 17, 24]","[0.10074550658464432, 0.0, 0.06899981200695038, 0.008171054534614086, 0.0, 0.0, 0.0, 0.0, 0.0, 0.0013364171609282494, 0.0, 0.0, 0.0, 0.0, 0.0, 0.0, 0.0, 0.03798987716436386, 0.0, 0.0, 0.0, 0.0, 0.0, 0.0, 0.004492945969104767, 0.0, 0.0, 0.0, 0.0, 0.0]",raw,32
54,beta,33,0.029,external_raw_frozen_v1,external_frozen,0,none,,29.0,7626,0.3077193680857082,0.6796834415584416,2,"[23, 26]","[0.0, 0.0, 0.0, 0.0, 0.0, 0.0, 0.0, 0.0, 0.0, 0.0, 0.0, 0.0, 0.0, 0.0, 0.0, 0.0, 0.0, 0.0, 0.0, 0.0, 0.0, 0.0, 0.0, 0.042482633143663406, 0.0, 0.0, 0.0044921631924808025, 0.0, 0.0, 0.0]",raw,32
54,beta,22,0.029,external_raw_frozen_v1,external_frozen,0,none,,29.0,6987,0.3096028139399575,0.6760743142401318,15,"[0, 4, 6, 8, 10, 11, 12, 17, 18, 23, 24, 26, 27, 28, 29]","[0.10941191017627716, 0.0, 0.0, 0.0, 0.059833526611328125, 0.0, 0.06480477750301361, 0.0, 0.014768512919545174, 0.0, 0.04706795513629913, 0.07988356053829193, 0.02099037915468216, 0.0, 0.0, 0.0, 0.0, 0.02747892588376999, 0.05206115171313286, 0.0, 0.0, 0.0, 0.0, 0.05873867869377136, 0.010599864646792412, 0.0, 0.06900114566087723, 0.023087238892912865, 0.009997278451919556, 0.008614132180809975]",raw,32
54,beta,26,0.029,external_raw_frozen_v1,external_frozen,0,none,,29.0,6984,0.3099579895686996,0.6456146076991423,11,"[3, 4, 5, 6, 7, 8, 14, 15, 21, 27, 29]","[0.0, 0.0, 0.0, 0.1273353099822998, 0.11930148303508759, 0.09650670737028122, 0.08438006788492203, 0.05079139024019241, 0.024162543937563896, 0.0, 0.0, 0.0, 0.0, 0.0, 0.019836729392409325, 0.1559213548898697, 0.0, 0.0, 0.0, 0.0, 0.0, 0.00644287746399641, 0.0, 0.0, 0.0, 0.0, 0.0, 0.02226574718952179, 0.0, 0.004172747489064932]",raw,32
54,beta,30,0.029,external_raw_frozen_v1,external_frozen,0,none,,29.0,7640,0.3174310735542831,0.6629931897253682,9,"[2, 4, 5, 9, 10, 18, 19, 20, 27]","[0.0, 0.0, 0.12978702783584595, 0.0, 0.011110491119325161, 0.011209949851036072, 0.0, 0.0, 0.0, 0.13202306628227234, 0.15401504933834076, 0.0, 0.0, 0.0, 0.0, 0.0, 0.0, 0.0, 0.0692644938826561, 0.028533590957522392, 0.0443582721054554, 0.0, 0.0, 0.0, 0.0, 0.0, 0.0, 0.08093810081481934, 0.0, 0.0]",raw,32
54,beta,46,0.029,external_raw_frozen_v1,external_frozen,0,none,,29.0,7596,0.3097842948068958,0.6475830407777478,5,"[5, 13, 14, 26, 29]","[0.0, 0.0, 0.0, 0.0, 0.0, 0.028507141396403313, 0.0, 0.0, 0.0, 0.0, 0.0, 0.0, 0.0, 0.019506553187966347, 0.03595641255378723, 0.0, 0.0, 0.0, 0.0, 0.0, 0.0, 0.0, 0.0, 0.0, 0.0, 0.0, 0.013974438421428204, 0.0, 0.0, 0.012806285172700882]",raw,32
54,beta,38,0.029,external_raw_frozen_v1,external_frozen,0,none,,30.0,7034,0.3448448410500886,0.5321316290229172,8,"[0, 6, 8, 9, 11, 13, 26, 27]","[0.03542129322886467, 0.0, 0.0, 0.0, 0.0, 0.0, 0.08661790937185287, 0.0, 0.07901186496019363, 0.018642926588654518, 0.0, 0.059797503054142, 0.0, 0.036466095596551895, 0.0, 0.0, 0.0, 0.0, 0.0, 0.0, 0.0, 0.0, 0.0, 0.0, 0.0, 0.0, 0.05560998618602753, 0.04474898800253868, 0.0, 0.0]",raw,32
54,beta,45,0.029,external_raw_frozen_v1,external_frozen,0,none,,29.0,6998,0.3139051199627327,0.5400193213380027,12,"[1, 4, 6, 7, 9, 13, 14, 15, 16, 21, 22, 24]","[0.0, 0.14707109332084656, 0.0, 0.0, 0.027809355407953262, 0.0, 0.04365024343132973, 0.012419939041137695, 0.0, 0.07185690850019455, 0.0, 0.0, 0.0, 0.03727838769555092, 0.039906829595565796, 0.12005829811096191, 0.1590052843093872, 0.0, 0.0, 0.0, 0.0, 0.11803200095891953, 0.2531798779964447, 0.0, 0.08725251257419586, 0.0, 0.0, 0.0, 0.0, 0.0]",raw,32
54,beta,41,0.029,external_raw_frozen_v1,external_frozen,0,none,,30.0,7035,0.3031737553821734,0.618592187983098,5,"[13, 16, 24, 28, 29]","[0.0, 0.0, 0.0, 0.0, 0.0, 0.0, 0.0, 0.0, 0.0, 0.0, 0.0, 0.0, 0.0, 0.07198728621006012, 0.0, 0.0, 0.009427841752767563, 0.0, 0.0, 0.0, 0.0, 0.0, 0.0, 0.0, 0.03459211811423302, 0.0, 0.0, 0.0, 0.03618243336677551, 0.012481167912483215]",raw,32
