n_samples,model_type,seed,lambda_tau,observed_train_pairs,rmse_amortized,auc_amortized,active_dims,active_indices,tau_values,embedding_type,scenario
1,beta,0,1000.0,2,0.4102028229929232,0.0833333333333333,30,"[0, 1, 2, 3, 4, 5, 6, 7, 8, 9, 10, 11, 12, 13, 14, 15, 16, 17, 18, 19, 20, 21, 22, 23, 24, 25, 26, 27, 28, 29]","[1.2914563417434692, 1.684041142463684, 1.7525086402893066, 2.1708948612213135, 1.6761901378631592, 1.364463448524475, 1.5652433633804321, 1.3160068988800049, 1.6979154348373413, 1.9313833713531494, 1.6776965856552124, 2.216273784637451, 1.7103594541549683, 1.946025013923645, 1.6303715705871582, 1.5189651250839233, 1.7172876596450806, 2.2251269817352295, 1.5801199674606323, 1.5595510005950928, 2.047933340072632, 1.9234037399291992, 2.0907180309295654, 1.891677975654602, 2.0534350872039795, 1.7517560720443726, 2.0040395259857178, 1.533909559249878, 2.013059139251709, 1.2270628213882446]",sae,Pre-4
1,beta,36,1000.0,6,0.5068659837816937,0.4166666666666666,30,"[0, 1, 2, 3, 4, 5, 6, 7, 8, 9, 10, 11, 12, 13, 14, 15, 16, 17, 18, 19, 20, 21, 22, 23, 24, 25, 26, 27, 28, 29]","[1.564918875694275, 1.798695683479309, 1.537320852279663, 1.5997288227081299, 1.3727009296417236, 1.7079827785491943, 1.5288175344467163, 1.7407875061035156, 1.917594313621521, 1.9104467630386353, 1.7170493602752686, 1.8879889249801636, 2.0047247409820557, 1.8309532403945923, 1.6846109628677368, 1.6969165802001953, 1.7475982904434204, 1.8362475633621216, 1.837928056716919, 2.0022621154785156, 1.3021634817123413, 1.2410914897918701, 1.5793377161026, 1.73867928981781, 1.9641951322555542, 1.7396076917648315, 1.8531289100646973, 1.569787621498108, 1.6649588346481323, 1.776230812072754]",sae,Pre-4
1,beta,12,1000.0,5,0.4892297001907399,0.5416666666666667,30,"[0, 1, 2, 3, 4, 5, 6, 7, 8, 9, 10, 11, 12, 13, 14, 15, 16, 17, 18, 19, 20, 21, 22, 23, 24, 25, 26, 27, 28, 29]","[1.7295680046081543, 1.709149718284607, 1.7190648317337036, 1.5569558143615723, 1.7860023975372314, 1.5572896003723145, 1.6679273843765259, 1.7503787279129028, 1.8980292081832886, 1.9023929834365845, 2.1052801609039307, 1.947309136390686, 1.7879412174224854, 1.6632400751113892, 2.2492480278015137, 1.5873397588729858, 2.111992120742798, 1.8920232057571411, 1.9858179092407227, 1.734641194343567, 1.6440322399139404, 2.025819778442383, 1.899263858795166, 1.924326777458191, 2.2135117053985596, 1.3066686391830444, 2.032491683959961, 1.568496584892273, 2.075556993484497, 1.7854875326156616]",sae,Pre-4
1,beta,4,1000.0,3,0.5648758569142375,0.375,30,"[0, 1, 2, 3, 4, 5, 6, 7, 8, 9, 10, 11, 12, 13, 14, 15, 16, 17, 18, 19, 20, 21, 22, 23, 24, 25, 26, 27, 28, 29]","[1.458837628364563, 1.416944980621338, 1.6363834142684937, 1.2804639339447021, 1.398518443107605, 1.46928870677948, 0.5145002007484436, 1.3615531921386719, 1.122119665145874, 1.544113278388977, 1.2678415775299072, 1.0844475030899048, 1.3713443279266357, 1.41098952293396, 1.6215858459472656, 1.4327895641326904, 1.3841423988342285, 1.427547812461853, 1.7347925901412964, 1.2696651220321655, 1.7047244310379028, 1.7176679372787476, 1.3407959938049316, 1.8100804090499878, 1.5451231002807617, 1.6989095211029053, 1.2984737157821655, 1.7635303735733032, 1.299448847770691, 1.1431387662887573]",sae,Pre-4
1,beta,1,1000.0,6,0.3928677643386666,0.3809523809523809,30,"[0, 1, 2, 3, 4, 5, 6, 7, 8, 9, 10, 11, 12, 13, 14, 15, 16, 17, 18, 19, 20, 21, 22, 23, 24, 25, 26, 27, 28, 29]","[1.8127957582473755, 1.9845383167266846, 2.021407127380371, 1.881453037261963, 1.9819185733795166, 1.7680671215057373, 2.002861261367798, 2.264918088912964, 2.0385515689849854, 1.7031358480453491, 2.0756795406341553, 1.9514168500900269, 1.997737169265747, 1.606680989265442, 2.1494767665863037, 2.297358989715576, 1.8879725933074951, 1.8399314880371094, 1.854764461517334, 2.127595901489258, 1.7700797319412231, 1.919265866279602, 1.886333703994751, 2.1070969104766846, 2.070460557937622, 1.9048993587493896, 2.319704055786133, 2.342327833175659, 1.9074269533157349, 2.0843210220336914]",sae,Pre-4
1,beta,20,1000.0,4,0.5395734825364271,0.375,30,"[0, 1, 2, 3, 4, 5, 6, 7, 8, 9, 10, 11, 12, 13, 14, 15, 16, 17, 18, 19, 20, 21, 22, 23, 24, 25, 26, 27, 28, 29]","[1.9628145694732666, 1.738625407218933, 2.4591903686523438, 1.8704023361206055, 1.6003813743591309, 2.3417959213256836, 1.6890368461608887, 2.087271213531494, 1.874672293663025, 2.164741039276123, 1.7704730033874512, 2.3271872997283936, 2.0186948776245117, 2.330740451812744, 1.9161721467971802, 2.1972954273223877, 1.7807362079620361, 1.8218144178390503, 2.1391828060150146, 1.8595157861709595, 2.501436471939087, 2.185615301132202, 2.1183576583862305, 1.6348021030426025, 2.0087196826934814, 2.265077590942383, 1.870384931564331, 1.3977402448654175, 2.2513911724090576, 1.036182165145874]",sae,Pre-4
1,beta,44,1000.0,7,0.4332199547459275,0.2916666666666666,30,"[0, 1, 2, 3, 4, 5, 6, 7, 8, 9, 10, 11, 12, 13, 14, 15, 16, 17, 18, 19, 20, 21, 22, 23, 24, 25, 26, 27, 28, 29]","[1.19655442237854, 1.8290553092956543, 1.6567471027374268, 1.7463414669036865, 1.7678335905075073, 1.7520240545272827, 1.5698251724243164, 1.6347851753234863, 1.1714736223220825, 1.9667974710464478, 1.9332284927368164, 1.5848561525344849, 1.6390289068222046, 1.3800960779190063, 1.8440042734146118, 1.8063790798187256, 1.478126049041748, 1.7683225870132446, 1.8304102420806885, 1.7080743312835693, 1.9687479734420776, 1.7623051404953003, 1.7339340448379517, 1.8119796514511108, 1.8543634414672852, 1.6800309419631958, 1.6886123418807983, 1.7348889112472534, 1.7788232564926147, 1.9844168424606323]",sae,Pre-4
1,beta,28,1000.0,4,0.4312564642048537,0.32,30,"[0, 1, 2, 3, 4, 5, 6, 7, 8, 9, 10, 11, 12, 13, 14, 15, 16, 17, 18, 19, 20, 21, 22, 23, 24, 25, 26, 27, 28, 29]","[1.4592403173446655, 1.6206846237182617, 2.241691827774048, 1.8489385843276978, 1.8645609617233276, 1.9381369352340698, 1.6561917066574097, 0.9663912653923035, 2.027086019515991, 1.9511536359786987, 1.349398136138916, 1.1787755489349365, 2.198991060256958, 1.930985450744629, 1.806656002998352, 2.2137837409973145, 1.6682127714157104, 1.6385345458984375, 1.5129586458206177, 2.15092396736145, 1.911341905593872, 1.8212224245071411, 1.8962355852127075, 2.1945064067840576, 2.0703752040863037, 2.142486333847046, 1.7280867099761963, 2.050485849380493, 1.246869444847107, 1.457276701927185]",sae,Pre-4
1,beta,8,1000.0,8,0.5441945735918111,0.7777777777777778,30,"[0, 1, 2, 3, 4, 5, 6, 7, 8, 9, 10, 11, 12, 13, 14, 15, 16, 17, 18, 19, 20, 21, 22, 23, 24, 25, 26, 27, 28, 29]","[1.8996820449829102, 2.275799036026001, 1.9167869091033936, 2.1588809490203857, 2.1661062240600586, 1.9983253479003906, 2.0324130058288574, 1.5856819152832031, 2.145880699157715, 2.188776969909668, 2.242982864379883, 1.85469651222229, 1.991239309310913, 1.9944690465927124, 2.0714523792266846, 2.0155107975006104, 1.947204828262329, 2.186093807220459, 2.0438852310180664, 1.922309160232544, 2.0416393280029297, 1.9895778894424438, 1.74665105342865, 1.9982167482376099, 2.2926762104034424, 2.028137445449829, 2.11446213722229, 1.964413046836853, 2.052716016769409, 2.0955095291137695]",sae,Pre-4
1,beta,40,1000.0,7,0.3874237685437092,0.5416666666666667,30,"[0, 1, 2, 3, 4, 5, 6, 7, 8, 9, 10, 11, 12, 13, 14, 15, 16, 17, 18, 19, 20, 21, 22, 23, 24, 25, 26, 27, 28, 29]","[2.1875381469726562, 1.7151727676391602, 2.1071770191192627, 1.8987125158309937, 2.239213228225708, 2.2133212089538574, 1.8215126991271973, 2.2150864601135254, 2.197693109512329, 2.1064882278442383, 2.1110846996307373, 2.1086175441741943, 2.1521401405334473, 2.2175540924072266, 1.987370491027832, 2.063397169113159, 2.0758800506591797, 1.7930821180343628, 2.4134600162506104, 2.2817232608795166, 2.23547101020813, 2.1314187049865723, 2.084176778793335, 2.1408848762512207, 2.162041664123535, 2.066364049911499, 2.2630693912506104, 2.0153026580810547, 2.11064076423645, 2.2663686275482178]",sae,Pre-4
1,beta,24,1000.0,8,0.4797373531417961,0.6666666666666666,30,"[0, 1, 2, 3, 4, 5, 6, 7, 8, 9, 10, 11, 12, 13, 14, 15, 16, 17, 18, 19, 20, 21, 22, 23, 24, 25, 26, 27, 28, 29]","[1.771565318107605, 1.9876362085342407, 1.7797423601150513, 2.2743585109710693, 1.4752720594406128, 1.795963168144226, 1.696728229522705, 1.8075587749481201, 2.024280309677124, 1.9605698585510254, 1.7629282474517822, 1.8745852708816528, 1.582480549812317, 1.9311628341674805, 2.0866706371307373, 2.072833776473999, 1.8595528602600098, 1.797519564628601, 1.8910772800445557, 2.0555179119110107, 1.933853268623352, 2.054183006286621, 1.899695634841919, 2.105666399002075, 2.234457015991211, 2.0503852367401123, 2.1067750453948975, 1.9557363986968994, 2.0515494346618652, 2.0800139904022217]",sae,Pre-4
1,beta,16,1000.0,8,0.4969030822159692,0.2083333333333333,30,"[0, 1, 2, 3, 4, 5, 6, 7, 8, 9, 10, 11, 12, 13, 14, 15, 16, 17, 18, 19, 20, 21, 22, 23, 24, 25, 26, 27, 28, 29]","[1.8062289953231812, 1.7249928712844849, 1.9051754474639893, 1.6991761922836304, 2.4721755981445312, 1.9358959197998047, 2.282945394515991, 2.0847153663635254, 2.1305954456329346, 1.8778626918792725, 1.4586520195007324, 2.1107916831970215, 2.0836799144744873, 1.8982983827590942, 2.2798407077789307, 1.5288686752319336, 2.007556200027466, 2.03867769241333, 1.7797253131866455, 2.0302772521972656, 1.9271291494369507, 1.5222337245941162, 1.8014003038406372, 2.358279228210449, 2.2583513259887695, 1.8044599294662476, 1.5463417768478394, 2.165397882461548, 2.1980910301208496, 1.851101279258728]",sae,Pre-4
1,beta,32,1000.0,4,0.364826055747061,0.4285714285714286,30,"[0, 1, 2, 3, 4, 5, 6, 7, 8, 9, 10, 11, 12, 13, 14, 15, 16, 17, 18, 19, 20, 21, 22, 23, 24, 25, 26, 27, 28, 29]","[1.6022331714630127, 1.5077087879180908, 1.501423716545105, 1.2256592512130737, 1.7112621068954468, 1.5529685020446777, 1.6418492794036865, 1.7875056266784668, 1.812668800354004, 1.9269654750823975, 1.6103196144104004, 1.334789752960205, 1.451745867729187, 0.5070745348930359, 1.8472588062286377, 1.781492829322815, 0.7866162061691284, 1.6980257034301758, 1.355950117111206, 1.8937000036239624, 1.5959075689315796, 1.0922828912734985, 1.683795690536499, 1.6091022491455078, 1.949143409729004, 1.840174674987793, 1.8881468772888184, 1.5018012523651123, 1.5381314754486084, 1.4797546863555908]",sae,Pre-4
1,beta,48,1000.0,7,0.4447157022911762,0.5714285714285714,30,"[0, 1, 2, 3, 4, 5, 6, 7, 8, 9, 10, 11, 12, 13, 14, 15, 16, 17, 18, 19, 20, 21, 22, 23, 24, 25, 26, 27, 28, 29]","[1.5017223358154297, 1.904513955116272, 2.0683224201202393, 1.9511449337005615, 2.062110424041748, 2.1655845642089844, 1.8412249088287354, 1.6848459243774414, 2.1143457889556885, 2.02817702293396, 1.8924702405929565, 1.9290460348129272, 1.3407351970672607, 1.9260010719299316, 2.1757264137268066, 1.534807801246643, 1.5588829517364502, 1.907916784286499, 1.7609658241271973, 2.0086464881896973, 2.199213743209839, 1.9629302024841309, 2.1359617710113525, 2.0473434925079346, 1.782182216644287, 1.6912490129470825, 2.1619677543640137, 2.1235084533691406, 2.1467950344085693, 1.8974617719650269]",sae,Pre-4
1,beta,19,1000.0,6,0.4210885806642209,0.8333333333333334,30,"[0, 1, 2, 3, 4, 5, 6, 7, 8, 9, 10, 11, 12, 13, 14, 15, 16, 17, 18, 19, 20, 21, 22, 23, 24, 25, 26, 27, 28, 29]","[2.282684087753296, 2.107051134109497, 1.7266823053359985, 1.2084681987762451, 2.0653345584869385, 1.9529582262039185, 2.0610666275024414, 1.7650799751281738, 1.8052008152008057, 1.8278248310089111, 1.9006811380386353, 1.7206777334213257, 1.8362716436386108, 1.1777693033218384, 1.843770980834961, 1.8514739274978638, 1.7660350799560547, 1.7020412683486938, 1.456080436706543, 1.8735005855560303, 1.9908462762832642, 1.6727083921432495, 1.9539459943771362, 1.8991066217422485, 1.9425268173217773, 1.8399534225463867, 1.7741901874542236, 1.6173959970474243, 1.9595636129379272, 1.7520784139633179]",sae,Pre-4
1,beta,2,1000.0,6,0.4171094707139515,0.5625,30,"[0, 1, 2, 3, 4, 5, 6, 7, 8, 9, 10, 11, 12, 13, 14, 15, 16, 17, 18, 19, 20, 21, 22, 23, 24, 25, 26, 27, 28, 29]","[1.9771966934204102, 1.980057954788208, 1.9910656213760376, 2.1205737590789795, 2.2361464500427246, 2.136314630508423, 1.7228237390518188, 1.8623223304748535, 1.9568800926208496, 2.08406400680542, 2.122509479522705, 2.073017120361328, 1.669738531112671, 1.8458731174468994, 1.9590942859649658, 1.9593212604522705, 2.3085360527038574, 2.011810779571533, 1.991324782371521, 1.991752028465271, 1.8308361768722534, 1.9054454565048218, 1.7079962491989136, 1.3628814220428467, 2.1795222759246826, 2.0483450889587402, 1.7884573936462402, 1.9468461275100708, 1.8429360389709473, 2.003347396850586]",sae,Pre-4
1,beta,17,1000.0,4,0.2018484386591118,0.5,30,"[0, 1, 2, 3, 4, 5, 6, 7, 8, 9, 10, 11, 12, 13, 14, 15, 16, 17, 18, 19, 20, 21, 22, 23, 24, 25, 26, 27, 28, 29]","[1.1747409105300903, 1.607560396194458, 2.0307703018188477, 1.4520683288574219, 1.3874760866165161, 1.676836609840393, 1.6035887002944946, 1.74277663230896, 1.7541546821594238, 1.4798835515975952, 1.8308935165405273, 0.6690309047698975, 1.6617249250411987, 1.749190092086792, 1.9171947240829468, 1.5032811164855957, 1.472089409828186, 1.6084685325622559, 2.0423099994659424, 2.2407402992248535, 1.8266775608062744, 1.5708414316177368, 1.5092988014221191, 1.5869451761245728, 1.8721593618392944, 1.5315614938735962, 1.4907636642456055, 1.010441780090332, 2.005146026611328, 1.695117712020874]",sae,Pre-4
1,beta,7,1000.0,6,0.4773320410458335,0.6,30,"[0, 1, 2, 3, 4, 5, 6, 7, 8, 9, 10, 11, 12, 13, 14, 15, 16, 17, 18, 19, 20, 21, 22, 23, 24, 25, 26, 27, 28, 29]","[1.6858162879943848, 1.7961548566818237, 1.4191875457763672, 1.794925570487976, 2.078368902206421, 1.6636934280395508, 1.6068874597549438, 1.8124821186065674, 1.7391103506088257, 1.8199690580368042, 2.164069414138794, 1.8094922304153442, 1.7847790718078613, 1.8807251453399658, 1.648354172706604, 2.0941321849823, 1.8504202365875244, 2.005042791366577, 1.9279839992523193, 1.6845089197158813, 1.6575733423233032, 1.9352657794952393, 1.9002199172973633, 1.7959814071655273, 1.7083224058151245, 1.461808681488037, 1.398209810256958, 0.7108218669891357, 1.8076120615005493, 1.8804866075515747]",sae,Pre-4
1,beta,46,1000.0,3,0.4842475292692238,0.75,30,"[0, 1, 2, 3, 4, 5, 6, 7, 8, 9, 10, 11, 12, 13, 14, 15, 16, 17, 18, 19, 20, 21, 22, 23, 24, 25, 26, 27, 28, 29]","[1.3873041868209839, 1.3601936101913452, 1.3350471258163452, 1.4757840633392334, 1.368031620979309, 1.834839105606079, 1.5718785524368286, 1.222798466682434, 1.8634880781173706, 1.599463939666748, 1.868415355682373, 1.6086339950561523, 1.4522950649261475, 1.701924443244934, 1.2685844898223877, 1.541847586631775, 1.2995222806930542, 1.8386380672454834, 1.497050404548645, 1.7667896747589111, 1.2187975645065308, 1.0860618352890015, 0.7165570259094238, 1.4617174863815308, 1.1237198114395142, 1.582085371017456, 1.5752172470092773, 1.5794881582260132, 1.850310206413269, 1.4396859407424927]",sae,Pre-4
1,beta,27,1000.0,4,0.4775290770939659,0.4399999999999999,30,"[0, 1, 2, 3, 4, 5, 6, 7, 8, 9, 10, 11, 12, 13, 14, 15, 16, 17, 18, 19, 20, 21, 22, 23, 24, 25, 26, 27, 28, 29]","[1.4373799562454224, 1.5934737920761108, 1.3775404691696167, 1.7487545013427734, 1.4503674507141113, 2.1274044513702393, 1.0891309976577759, 1.9326881170272827, 1.6740670204162598, 2.005033254623413, 1.951286792755127, 1.8937082290649414, 1.4812170267105103, 1.7372246980667114, 0.8082352876663208, 1.210913896560669, 1.6774529218673706, 1.96872878074646, 0.9799388647079468, 1.436463713645935, 0.8970675468444824, 0.9301076531410217, 1.9024955034255981, 1.8276666402816772, 1.1582691669464111, 1.6168333292007446, 1.7901215553283691, 1.6786669492721558, 1.2847630977630615, 1.3398481607437134]",sae,Pre-4
1,beta,6,1000.0,1,0.4136221361381043,0.5416666666666666,30,"[0, 1, 2, 3, 4, 5, 6, 7, 8, 9, 10, 11, 12, 13, 14, 15, 16, 17, 18, 19, 20, 21, 22, 23, 24, 25, 26, 27, 28, 29]","[1.7020384073257446, 1.6250814199447632, 1.1629204750061035, 2.783864736557007, 1.7399189472198486, 1.3329640626907349, 1.2280375957489014, 2.3359897136688232, 1.4335124492645264, 1.0911822319030762, 1.3110301494598389, 1.4321515560150146, 1.0256659984588623, 2.0995535850524902, 2.3124401569366455, 1.1390445232391357, 1.0961273908615112, 2.124288320541382, 1.2321374416351318, 1.332997441291809, 1.6664092540740967, 1.621829628944397, 1.3599597215652466, 2.2617249488830566, 1.239402413368225, 1.5096176862716675, 1.5727529525756836, 1.3272559642791748, 1.322258472442627, 0.8769785761833191]",sae,Pre-4
1,beta,42,1000.0,5,0.4210706389530829,0.4761904761904762,30,"[0, 1, 2, 3, 4, 5, 6, 7, 8, 9, 10, 11, 12, 13, 14, 15, 16, 17, 18, 19, 20, 21, 22, 23, 24, 25, 26, 27, 28, 29]","[2.52398419380188, 2.1781558990478516, 1.8950326442718506, 1.7872356176376343, 1.8817933797836304, 1.2661956548690796, 1.5432735681533813, 2.2293457984924316, 1.6795017719268799, 2.02376389503479, 2.0474460124969482, 2.0944535732269287, 1.9253101348876953, 1.6150652170181274, 1.8905408382415771, 1.702994465827942, 1.7758102416992188, 1.7568761110305786, 2.266963481903076, 1.8301966190338135, 1.98894202709198, 1.874561071395874, 1.893046259880066, 1.4266690015792847, 2.314218044281006, 0.9444082975387573, 2.1503288745880127, 1.8447579145431519, 1.897017002105713, 1.8809516429901123]",sae,Pre-4
1,beta,15,1000.0,7,0.5678821670882692,0.5555555555555556,30,"[0, 1, 2, 3, 4, 5, 6, 7, 8, 9, 10, 11, 12, 13, 14, 15, 16, 17, 18, 19, 20, 21, 22, 23, 24, 25, 26, 27, 28, 29]","[1.9562920331954956, 2.2207815647125244, 2.5768909454345703, 1.8059263229370117, 2.3147265911102295, 1.8699184656143188, 1.7361427545547485, 2.004328489303589, 1.8178178071975708, 1.9281185865402222, 2.313199281692505, 2.292076587677002, 2.2746667861938477, 1.7802828550338745, 2.333564281463623, 1.4595540761947632, 2.0705978870391846, 2.226628303527832, 1.2159461975097656, 2.1509206295013428, 2.1688902378082275, 2.309814453125, 2.4037952423095703, 2.1587040424346924, 2.2841081619262695, 2.164198875427246, 2.3409383296966553, 2.005725622177124, 2.429478168487549, 2.5661115646362305]",sae,Pre-4
1,beta,38,1000.0,4,0.3329714086776412,0.2222222222222222,30,"[0, 1, 2, 3, 4, 5, 6, 7, 8, 9, 10, 11, 12, 13, 14, 15, 16, 17, 18, 19, 20, 21, 22, 23, 24, 25, 26, 27, 28, 29]","[2.351923942565918, 1.9348605871200562, 2.2601137161254883, 1.9657468795776367, 2.1358187198638916, 2.0464773178100586, 1.9836112260818481, 2.300663709640503, 2.298203468322754, 2.0506231784820557, 2.490931272506714, 1.6140812635421753, 1.9464409351348877, 2.228574275970459, 2.2100777626037598, 2.4256396293640137, 1.8921217918395996, 1.9808748960494995, 2.3905227184295654, 2.665905475616455, 2.495436429977417, 0.9066632390022278, 2.4709150791168213, 2.6484832763671875, 2.223198413848877, 1.5686564445495605, 1.8654242753982544, 2.1750340461730957, 1.776020884513855, 2.4168052673339844]",sae,Pre-4
1,beta,39,1000.0,6,0.3770396079043286,0.2857142857142857,30,"[0, 1, 2, 3, 4, 5, 6, 7, 8, 9, 10, 11, 12, 13, 14, 15, 16, 17, 18, 19, 20, 21, 22, 23, 24, 25, 26, 27, 28, 29]","[1.3202853202819824, 2.108999252319336, 1.8925617933273315, 1.8858039379119873, 1.8344272375106812, 1.7288494110107422, 1.9689282178878784, 1.8515442609786987, 1.8014248609542847, 1.5057275295257568, 1.637239694595337, 1.8815187215805054, 2.154125213623047, 1.7054448127746582, 1.525468111038208, 2.0382440090179443, 1.6623907089233398, 2.1504619121551514, 1.8674962520599365, 1.7640496492385864, 1.713435173034668, 1.686281442642212, 2.105708360671997, 1.5505434274673462, 2.031419038772583, 1.9766466617584229, 1.6517012119293213, 1.6100069284439087, 1.630840539932251, 2.1193575859069824]",sae,Pre-4
1,beta,3,1000.0,8,0.3072710542177353,1.0,30,"[0, 1, 2, 3, 4, 5, 6, 7, 8, 9, 10, 11, 12, 13, 14, 15, 16, 17, 18, 19, 20, 21, 22, 23, 24, 25, 26, 27, 28, 29]","[1.7536742687225342, 1.7329211235046387, 1.399660587310791, 1.8530559539794922, 1.8225581645965576, 1.713429570198059, 1.6446751356124878, 1.5935680866241455, 1.4539412260055542, 1.301984429359436, 1.654018759727478, 1.4264538288116455, 1.5207774639129639, 1.8854678869247437, 1.5804884433746338, 1.6979771852493286, 1.109786033630371, 1.8531297445297241, 1.82920503616333, 1.6707371473312378, 1.3537079095840454, 1.5377486944198608, 1.6247800588607788, 1.7140270471572876, 1.6166983842849731, 1.3702006340026855, 1.7889150381088257, 1.736907958984375, 1.6605204343795776, 1.030285358428955]",sae,Pre-4
1,beta,13,1000.0,4,0.4851205379592465,0.25,30,"[0, 1, 2, 3, 4, 5, 6, 7, 8, 9, 10, 11, 12, 13, 14, 15, 16, 17, 18, 19, 20, 21, 22, 23, 24, 25, 26, 27, 28, 29]","[1.9943182468414307, 2.158825635910034, 2.6785216331481934, 2.240105390548706, 2.2575347423553467, 2.2780966758728027, 1.8861666917800903, 2.353389024734497, 2.0049619674682617, 1.8039780855178833, 2.4140186309814453, 2.4095396995544434, 2.183269500732422, 2.0119500160217285, 2.512667417526245, 2.399275302886963, 2.171523094177246, 2.5911829471588135, 1.892469882965088, 2.3285372257232666, 1.4347788095474243, 1.4701240062713623, 1.9345204830169678, 1.977069616317749, 2.3067426681518555, 2.1298861503601074, 2.1595466136932373, 2.1469812393188477, 2.3874573707580566, 2.3454129695892334]",sae,Pre-4
1,beta,35,1000.0,2,0.47639379485687,0.3333333333333333,30,"[0, 1, 2, 3, 4, 5, 6, 7, 8, 9, 10, 11, 12, 13, 14, 15, 16, 17, 18, 19, 20, 21, 22, 23, 24, 25, 26, 27, 28, 29]","[1.5027433633804321, 1.2331315279006958, 1.5754361152648926, 1.177323818206787, 0.9458510875701904, 1.3315445184707642, 1.1170432567596436, 1.162070870399475, 0.996627688407898, 1.6299782991409302, 1.2943376302719116, 0.8761346936225891, 1.285582184791565, 1.3323230743408203, 0.9619976282119751, 1.4715399742126465, 1.4439138174057007, 1.4233862161636353, 1.081750750541687, 1.4038269519805908, 1.5285475254058838, 1.2119779586791992, 0.9179688692092896, 1.0082992315292358, 1.8320202827453613, 1.0582001209259033, 1.0116546154022217, 1.2864997386932373, 0.7880512475967407, 1.288516640663147]",sae,Pre-4
1,beta,34,1000.0,3,0.4979216324653026,0.625,30,"[0, 1, 2, 3, 4, 5, 6, 7, 8, 9, 10, 11, 12, 13, 14, 15, 16, 17, 18, 19, 20, 21, 22, 23, 24, 25, 26, 27, 28, 29]","[1.6664527654647827, 1.5542274713516235, 0.5064959526062012, 1.080374002456665, 1.3760042190551758, 1.3868881464004517, 1.0257073640823364, 0.9273931980133057, 0.5705105662345886, 1.2306559085845947, 1.2895442247390747, 0.7885194420814514, 1.358855962753296, 1.1302015781402588, 1.277490496635437, 1.066117525100708, 1.2312566041946411, 1.1827738285064697, 1.3544328212738037, 1.0238590240478516, 1.0969969034194946, 1.121517539024353, 1.1038049459457397, 1.4038634300231934, 1.164009690284729, 1.3539968729019165, 1.263814926147461, 1.159008502960205, 1.387349247932434, 1.0994657278060913]",sae,Pre-4
1,beta,47,1000.0,3,0.4801626082997725,0.7142857142857143,30,"[0, 1, 2, 3, 4, 5, 6, 7, 8, 9, 10, 11, 12, 13, 14, 15, 16, 17, 18, 19, 20, 21, 22, 23, 24, 25, 26, 27, 28, 29]","[1.7561585903167725, 1.8214821815490723, 2.0160298347473145, 1.8874837160110474, 1.7390694618225098, 1.7220239639282227, 1.9980499744415283, 2.500511407852173, 1.8337430953979492, 2.294489622116089, 2.159821033477783, 1.700300693511963, 1.5757954120635986, 2.058244466781616, 1.3689924478530884, 2.448925733566284, 1.9431238174438477, 2.3639020919799805, 1.9072023630142212, 2.0487258434295654, 1.8003917932510376, 1.7354159355163574, 2.188492774963379, 1.7220929861068726, 1.409411907196045, 2.191357135772705, 1.1526020765304565, 2.101393699645996, 1.4334886074066162, 1.6557893753051758]",sae,Pre-4
1,beta,14,1000.0,3,0.4139042317912578,0.8333333333333334,30,"[0, 1, 2, 3, 4, 5, 6, 7, 8, 9, 10, 11, 12, 13, 14, 15, 16, 17, 18, 19, 20, 21, 22, 23, 24, 25, 26, 27, 28, 29]","[1.2068039178848267, 1.3527859449386597, 1.2202223539352417, 1.3100062608718872, 0.8717893362045288, 0.9713031053543091, 1.1420018672943115, 1.0702624320983887, 1.3827217817306519, 1.474499225616455, 0.8183638453483582, 0.8795081377029419, 1.2781985998153687, 1.3947985172271729, 1.239573359489441, 1.0664026737213135, 1.3599940538406372, 1.2216451168060303, 1.3064773082733154, 1.0808253288269043, 0.7989085912704468, 1.3138662576675415, 1.1996326446533203, 1.0364066362380981, 1.1368257999420166, 0.7424846887588501, 1.2129484415054321, 0.8973216414451599, 1.2372642755508423, 1.6586320400238037]",sae,Pre-4
1,beta,29,1000.0,7,0.4339185649372911,0.5416666666666666,30,"[0, 1, 2, 3, 4, 5, 6, 7, 8, 9, 10, 11, 12, 13, 14, 15, 16, 17, 18, 19, 20, 21, 22, 23, 24, 25, 26, 27, 28, 29]","[1.3782891035079956, 1.9215279817581177, 2.0184502601623535, 1.7695209980010986, 2.277961492538452, 1.9737130403518677, 1.7771406173706055, 2.0304207801818848, 1.9715890884399414, 1.9532253742218018, 1.9529480934143066, 1.9688076972961426, 1.9908517599105835, 2.249346971511841, 1.4618172645568848, 2.224083423614502, 2.307673215866089, 2.088226556777954, 1.4728813171386719, 1.8639636039733887, 1.925248622894287, 1.639784336090088, 1.938422679901123, 2.1736137866973877, 1.9538824558258057, 2.1035380363464355, 1.3063846826553345, 1.973023772239685, 1.7270526885986328, 1.799741268157959]",sae,Pre-4
1,beta,31,1000.0,5,0.406655072955031,0.5625,30,"[0, 1, 2, 3, 4, 5, 6, 7, 8, 9, 10, 11, 12, 13, 14, 15, 16, 17, 18, 19, 20, 21, 22, 23, 24, 25, 26, 27, 28, 29]","[2.6221861839294434, 2.678044080734253, 2.1258208751678467, 1.7701795101165771, 1.9146924018859863, 2.6476964950561523, 2.4741880893707275, 2.443026304244995, 2.6506764888763428, 2.2583980560302734, 2.306853771209717, 2.150102376937866, 2.1936841011047363, 2.301644802093506, 1.7047086954116821, 2.466228723526001, 1.3360180854797363, 2.2911782264709473, 1.9690494537353516, 2.729414939880371, 2.664102554321289, 1.8029191493988037, 2.1578917503356934, 2.2716832160949707, 2.363351583480835, 2.4555420875549316, 1.8591641187667847, 1.7656115293502808, 2.421703338623047, 2.086869239807129]",sae,Pre-4
1,beta,23,1000.0,2,0.4430812517907279,0.2222222222222222,30,"[0, 1, 2, 3, 4, 5, 6, 7, 8, 9, 10, 11, 12, 13, 14, 15, 16, 17, 18, 19, 20, 21, 22, 23, 24, 25, 26, 27, 28, 29]","[2.0540902614593506, 2.0135955810546875, 1.6491100788116455, 2.067099094390869, 1.642378807067871, 1.4854590892791748, 2.1002209186553955, 1.533631682395935, 1.9486479759216309, 1.6377960443496704, 2.0672247409820557, 1.421057939529419, 1.8386728763580322, 1.7061699628829956, 1.938430905342102, 1.7717413902282715, 1.8777588605880737, 1.8772451877593994, 1.8138964176177979, 2.3650617599487305, 1.9443870782852173, 0.9656185507774353, 1.8790595531463623, 2.1152241230010986, 1.3307164907455444, 1.916809320449829, 1.725128412246704, 1.8811845779418945, 1.7834898233413696, 2.1982781887054443]",sae,Pre-4
1,beta,9,1000.0,2,0.4929396468094386,0.28,30,"[0, 1, 2, 3, 4, 5, 6, 7, 8, 9, 10, 11, 12, 13, 14, 15, 16, 17, 18, 19, 20, 21, 22, 23, 24, 25, 26, 27, 28, 29]","[1.7048734426498413, 1.3196593523025513, 0.9967921376228333, 1.1715153455734253, 0.6895725131034851, 1.028746485710144, 1.180896282196045, 1.2284437417984009, 1.518804669380188, 0.7501817345619202, 1.3914982080459595, 1.2513117790222168, 1.9144667387008667, 0.8501183986663818, 1.0717347860336304, 0.9363898634910583, 1.0369253158569336, 1.765112280845642, 1.1918549537658691, 1.4021986722946167, 1.1001561880111694, 1.2281832695007324, 1.1625354290008545, 1.0449844598770142, 0.8550571203231812, 1.840702772140503, 1.10027277469635, 1.0741302967071533, 1.1039698123931885, 1.2611207962036133]",sae,Pre-4
1,beta,18,1000.0,3,0.5143454309356421,0.5833333333333334,30,"[0, 1, 2, 3, 4, 5, 6, 7, 8, 9, 10, 11, 12, 13, 14, 15, 16, 17, 18, 19, 20, 21, 22, 23, 24, 25, 26, 27, 28, 29]","[2.401125192642212, 2.2654025554656982, 1.9245694875717163, 2.2670280933380127, 1.0437065362930298, 1.5524859428405762, 2.3315916061401367, 0.921894907951355, 2.2761497497558594, 1.8060892820358276, 1.790075659751892, 1.789680004119873, 2.4482977390289307, 1.7555633783340454, 1.9164937734603882, 0.9715379476547241, 1.710875391960144, 1.775948166847229, 2.0901217460632324, 1.9824671745300293, 1.9091682434082031, 1.7975867986679077, 2.430590867996216, 2.0511012077331543, 2.5778675079345703, 2.096654176712036, 1.6017574071884155, 1.6956875324249268, 2.1510262489318848, 2.0295629501342773]",sae,Pre-4
1,beta,33,1000.0,5,0.4011171030543343,0.6666666666666666,30,"[0, 1, 2, 3, 4, 5, 6, 7, 8, 9, 10, 11, 12, 13, 14, 15, 16, 17, 18, 19, 20, 21, 22, 23, 24, 25, 26, 27, 28, 29]","[1.248189091682434, 1.79132080078125, 1.6872282028198242, 1.4291163682937622, 1.3712782859802246, 1.3045765161514282, 1.8200244903564453, 1.4975409507751465, 1.4937450885772705, 1.3038990497589111, 0.6450371146202087, 1.6293420791625977, 1.682824730873108, 1.4136271476745605, 1.5464484691619873, 1.4787200689315796, 1.6964236497879028, 1.4113372564315796, 1.4712806940078735, 1.593117117881775, 1.502694010734558, 1.7032032012939453, 1.5058655738830566, 1.5531615018844604, 1.3113863468170166, 1.7453583478927612, 1.6711299419403076, 1.7791637182235718, 1.4840083122253418, 1.661689281463623]",sae,Pre-4
1,beta,37,1000.0,6,0.4602779259940777,0.3809523809523809,30,"[0, 1, 2, 3, 4, 5, 6, 7, 8, 9, 10, 11, 12, 13, 14, 15, 16, 17, 18, 19, 20, 21, 22, 23, 24, 25, 26, 27, 28, 29]","[1.689733624458313, 1.7840882539749146, 1.960302710533142, 2.024806499481201, 1.6615006923675537, 2.15787410736084, 1.7099390029907227, 2.0263497829437256, 2.122671604156494, 1.81865394115448, 1.6332964897155762, 2.1371359825134277, 1.6095020771026611, 2.145862340927124, 1.011162519454956, 1.8788394927978516, 1.7111142873764038, 2.1459641456604004, 1.246178150177002, 1.6344003677368164, 1.9419400691986084, 2.124981164932251, 2.348677635192871, 1.5225443840026855, 1.9499146938323975, 1.9361467361450195, 1.9212279319763184, 1.5945243835449219, 1.986729383468628, 1.8283113241195679]",sae,Pre-4
1,beta,5,1000.0,7,0.4508101759807974,0.4761904761904762,30,"[0, 1, 2, 3, 4, 5, 6, 7, 8, 9, 10, 11, 12, 13, 14, 15, 16, 17, 18, 19, 20, 21, 22, 23, 24, 25, 26, 27, 28, 29]","[2.2427358627319336, 1.8004355430603027, 1.9985339641571045, 1.372918725013733, 2.0053579807281494, 2.174388885498047, 2.1119120121002197, 2.2344512939453125, 1.8797926902770996, 1.872719645500183, 1.7862776517868042, 2.1199469566345215, 2.1779468059539795, 1.9484657049179077, 2.0063982009887695, 2.222806692123413, 2.3975298404693604, 2.292726516723633, 1.6510188579559326, 2.0212244987487793, 1.6765986680984497, 2.1941471099853516, 1.9811913967132568, 1.6418002843856812, 1.9715955257415771, 1.9483131170272827, 2.1397669315338135, 1.7152529954910278, 1.8291486501693726, 2.1442551612854004]",sae,Pre-4
1,beta,49,1000.0,4,0.556648174033926,0.2222222222222222,30,"[0, 1, 2, 3, 4, 5, 6, 7, 8, 9, 10, 11, 12, 13, 14, 15, 16, 17, 18, 19, 20, 21, 22, 23, 24, 25, 26, 27, 28, 29]","[1.8177173137664795, 1.6598446369171143, 1.9633331298828125, 2.1178393363952637, 1.7707386016845703, 2.1719624996185303, 1.9655265808105469, 1.7654485702514648, 1.7519398927688599, 1.962256908416748, 2.2206203937530518, 2.4169363975524902, 1.9151240587234497, 2.402761220932007, 1.1451294422149658, 2.181283712387085, 2.22627329826355, 1.8579663038253784, 1.9171409606933594, 1.959822654724121, 1.7835131883621216, 1.9359924793243408, 1.8049148321151733, 1.7885125875473022, 2.1869759559631348, 2.1167373657226562, 1.9405509233474731, 1.962842583656311, 2.020583391189575, 2.041679620742798]",sae,Pre-4
1,beta,30,1000.0,3,0.4860931196365021,0.8095238095238095,30,"[0, 1, 2, 3, 4, 5, 6, 7, 8, 9, 10, 11, 12, 13, 14, 15, 16, 17, 18, 19, 20, 21, 22, 23, 24, 25, 26, 27, 28, 29]","[1.4616583585739136, 1.3167073726654053, 0.6362311840057373, 1.5149983167648315, 1.0567117929458618, 1.654720664024353, 1.3590500354766846, 1.24651038646698, 1.1302648782730103, 1.2238988876342773, 0.9147509336471558, 1.0935310125350952, 1.1929993629455566, 0.6648352146148682, 1.25583815574646, 1.0051958560943604, 1.0224486589431763, 1.3110241889953613, 1.1399649381637573, 1.0765559673309326, 1.295987606048584, 1.057907223701477, 1.257994532585144, 1.1421998739242554, 0.8519189953804016, 1.355613112449646, 1.1019625663757324, 1.283890724182129, 1.0481398105621338, 1.6096534729003906]",sae,Pre-4
1,beta,10,1000.0,2,0.4754890797581512,0.52,30,"[0, 1, 2, 3, 4, 5, 6, 7, 8, 9, 10, 11, 12, 13, 14, 15, 16, 17, 18, 19, 20, 21, 22, 23, 24, 25, 26, 27, 28, 29]","[1.248671531677246, 1.6766282320022583, 1.4560908079147339, 1.8122594356536865, 1.3775287866592407, 1.2839748859405518, 1.3139402866363525, 1.4971110820770264, 1.373146891593933, 1.2127701044082642, 1.5255074501037598, 2.199460983276367, 0.920417070388794, 1.2040998935699463, 1.3322564363479614, 1.9206210374832153, 1.3407307863235474, 1.3847019672393799, 1.6053231954574585, 0.964928925037384, 2.2917048931121826, 1.5237740278244019, 0.9539835453033447, 1.5366383790969849, 2.0635766983032227, 0.9471940994262695, 1.8169128894805908, 1.4828697443008423, 0.8065166473388672, 1.3616169691085815]",sae,Pre-4
1,beta,41,1000.0,1,0.4703251599353682,0.84,30,"[0, 1, 2, 3, 4, 5, 6, 7, 8, 9, 10, 11, 12, 13, 14, 15, 16, 17, 18, 19, 20, 21, 22, 23, 24, 25, 26, 27, 28, 29]","[1.2971071004867554, 1.8616294860839844, 1.8744821548461914, 2.033360004425049, 1.5977625846862793, 0.7333651185035706, 1.1752513647079468, 0.9691210389137268, 2.0264182090759277, 1.6394596099853516, 2.2607533931732178, 1.3009576797485352, 1.5305359363555908, 1.5641452074050903, 0.49526524543762207, 2.2459261417388916, 1.1258624792099, 2.1367108821868896, 1.8038884401321411, 1.3720717430114746, 2.1501851081848145, 1.6860008239746094, 1.864263653755188, 1.4124245643615723, 1.5938613414764404, 1.6750376224517822, 1.0644893646240234, 0.94986891746521, 1.8541887998580933, 1.0121341943740845]",sae,Pre-4
1,beta,22,1000.0,9,0.5453945830468876,0.2499999999999999,30,"[0, 1, 2, 3, 4, 5, 6, 7, 8, 9, 10, 11, 12, 13, 14, 15, 16, 17, 18, 19, 20, 21, 22, 23, 24, 25, 26, 27, 28, 29]","[2.173640489578247, 2.1630144119262695, 2.1650640964508057, 2.1051766872406006, 2.182896852493286, 2.110076427459717, 1.709423303604126, 2.0194783210754395, 1.8650192022323608, 2.510164260864258, 1.9504027366638184, 2.0634894371032715, 2.1701197624206543, 2.074323892593384, 2.241755962371826, 2.3824901580810547, 2.3015334606170654, 2.0318145751953125, 2.1956238746643066, 2.243293523788452, 2.0314717292785645, 2.2593564987182617, 2.154909610748291, 1.8690040111541748, 2.1716487407684326, 1.8563284873962402, 2.0274853706359863, 2.008188009262085, 2.176743745803833, 2.3361387252807617]",sae,Pre-4
1,beta,43,1000.0,4,0.4505014764526593,0.5416666666666667,30,"[0, 1, 2, 3, 4, 5, 6, 7, 8, 9, 10, 11, 12, 13, 14, 15, 16, 17, 18, 19, 20, 21, 22, 23, 24, 25, 26, 27, 28, 29]","[1.287876844406128, 1.0229490995407104, 1.2861703634262085, 1.3130947351455688, 1.486254334449768, 1.5782198905944824, 1.2965484857559204, 1.6307322978973389, 1.5488687753677368, 0.5582316517829895, 1.5067116022109985, 1.693324327468872, 1.465756893157959, 1.4669272899627686, 1.6375722885131836, 1.3308372497558594, 1.586776852607727, 1.322440266609192, 0.9726565480232239, 1.1403180360794067, 1.7400095462799072, 1.302077054977417, 1.556654691696167, 1.624087929725647, 1.4121654033660889, 1.429699182510376, 1.2877352237701416, 1.677032232284546, 1.5601346492767334, 1.3346190452575684]",sae,Pre-4
1,beta,26,1000.0,5,0.4743708258283109,0.52,30,"[0, 1, 2, 3, 4, 5, 6, 7, 8, 9, 10, 11, 12, 13, 14, 15, 16, 17, 18, 19, 20, 21, 22, 23, 24, 25, 26, 27, 28, 29]","[0.9376639127731323, 1.1654378175735474, 1.2225377559661865, 1.2358131408691406, 1.2786715030670166, 1.3295377492904663, 0.9606294631958008, 1.384390950202942, 1.3020987510681152, 1.0000742673873901, 1.5122661590576172, 1.6110669374465942, 1.4251552820205688, 1.307544231414795, 1.5285309553146362, 1.1839802265167236, 1.5855705738067627, 1.230197548866272, 1.4743202924728394, 1.5438694953918457, 1.3105930089950562, 1.2215758562088013, 1.2458683252334595, 1.2727159261703491, 1.4391461610794067, 1.4271597862243652, 1.6661458015441895, 1.1217448711395264, 1.575639247894287, 1.1610418558120728]",sae,Pre-4
1,beta,21,1000.0,10,0.4484275484476186,0.375,30,"[0, 1, 2, 3, 4, 5, 6, 7, 8, 9, 10, 11, 12, 13, 14, 15, 16, 17, 18, 19, 20, 21, 22, 23, 24, 25, 26, 27, 28, 29]","[2.1683437824249268, 1.2621991634368896, 2.1783595085144043, 2.348210096359253, 1.990338683128357, 1.915480136871338, 2.2787389755249023, 2.2475085258483887, 1.9013066291809082, 2.2045233249664307, 2.108569622039795, 2.40973162651062, 2.3562583923339844, 2.060570478439331, 2.1989989280700684, 2.2931394577026367, 1.9002540111541748, 2.385629415512085, 1.6842292547225952, 2.2016334533691406, 1.892385482788086, 1.9769624471664429, 2.0123424530029297, 2.054563522338867, 2.3074874877929688, 2.107823371887207, 1.8709906339645386, 2.0562257766723633, 2.366544485092163, 2.0578784942626953]",sae,Pre-4
1,beta,11,1000.0,12,0.4867441933045041,0.4166666666666666,30,"[0, 1, 2, 3, 4, 5, 6, 7, 8, 9, 10, 11, 12, 13, 14, 15, 16, 17, 18, 19, 20, 21, 22, 23, 24, 25, 26, 27, 28, 29]","[1.8629460334777832, 1.8179186582565308, 1.565443515777588, 1.7277237176895142, 1.7340209484100342, 1.900818943977356, 1.724776029586792, 1.8132286071777344, 1.7741514444351196, 2.0010838508605957, 1.895946741104126, 1.7099459171295166, 1.592160701751709, 1.7733268737792969, 1.9474397897720337, 1.7917582988739014, 1.8929582834243774, 1.840104579925537, 1.8582701683044434, 1.6120285987854004, 1.5395100116729736, 1.9111335277557373, 1.7678875923156738, 1.8781566619873047, 1.7779210805892944, 1.7215402126312256, 1.7526692152023315, 1.6406230926513672, 2.0786828994750977, 1.8611139059066772]",sae,Pre-4
1,beta,25,1000.0,4,0.4702712487668016,0.0,30,"[0, 1, 2, 3, 4, 5, 6, 7, 8, 9, 10, 11, 12, 13, 14, 15, 16, 17, 18, 19, 20, 21, 22, 23, 24, 25, 26, 27, 28, 29]","[1.9828541278839111, 1.7929306030273438, 1.674235224723816, 1.2280734777450562, 1.9075802564620972, 1.5056438446044922, 2.1990413665771484, 2.1377434730529785, 1.4842396974563599, 1.9888790845870972, 1.4697022438049316, 2.1287529468536377, 1.041548728942871, 1.352475643157959, 1.8187439441680908, 1.6161189079284668, 1.8080421686172485, 1.6817268133163452, 1.7415660619735718, 1.3686805963516235, 0.5585686564445496, 1.2387229204177856, 1.9259198904037476, 1.4681830406188965, 1.5313631296157837, 2.0063939094543457, 2.216628074645996, 1.8431708812713623, 1.4900401830673218, 1.9319523572921753]",sae,Pre-4
1,beta,45,1000.0,4,0.17046548770331937,0.5,30,"[0, 1, 2, 3, 4, 5, 6, 7, 8, 9, 10, 11, 12, 13, 14, 15, 16, 17, 18, 19, 20, 21, 22, 23, 24, 25, 26, 27, 28, 29]","[2.4036731719970703, 2.337373733520508, 1.851566195487976, 1.5283259153366089, 2.0492794513702393, 2.466421127319336, 2.0769944190979004, 1.74836266040802, 1.9697222709655762, 2.129345178604126, 2.136051893234253, 2.634441614151001, 2.0107550621032715, 1.9905608892440796, 1.635875940322876, 1.804429054260254, 2.2213847637176514, 1.0185433626174927, 2.3247084617614746, 2.2342183589935303, 2.2992963790893555, 1.603352427482605, 2.048569679260254, 2.2163145542144775, 2.495347499847412, 2.2236039638519287, 1.8920559883117676, 2.658820390701294, 2.4650442600250244, 2.4312219619750977]",sae,Pre-4
